sample_id	demo1_IG	demo2_IG	demo3_IG
demo1_IG	1	0.465964042702724	0.294811356964177
demo2_IG	0.465964042702724	1	0.0810133408341752
demo3_IG	0.294811356964177	0.0810133408341752	1
